{"parent":"block/block","ambientocclusion":false,"textures":{"bottom":"block/cactus_bottom","top":"block/cactus_top","particle":"block/cactus_side","side":"block/cactus_side"},"elements":[{"from":[2,0,2],"to":[14,16,14],"faces":{"north":{"uv":[0,0,12,16],"texture":"#side"},"east":{"uv":[0,0,12,16],"texture":"#side"},"south":{"uv":[0,0,12,16],"texture":"#side"},"west":{"uv":[0,0,12,16],"texture":"#side"},"up":{"uv":[0,0,12,12],"texture":"#top","cullface":"up"},"down":{"uv":[0,0,12,12],"texture":"#bottom","cullface":"down"}}}]}