{"ambientocclusion":false,"textures":{"particle":"block/cocoa_stage0","cocoa":"block/cocoa_stage0"},"elements":[{"from":[6,8,10],"to":[10,12,14],"rotation":{"angle":0,"axis":"y","origin":[8,8,7]},"faces":{"north":{"uv":[12,4,16,8],"texture":"#cocoa"},"east":{"uv":[12,4,16,8],"texture":"#cocoa"},"south":{"uv":[12,4,16,8],"texture":"#cocoa"},"west":{"uv":[12,4,16,8],"texture":"#cocoa"},"up":{"uv":[12,4,16,8],"texture":"#cocoa"},"down":{"uv":[12,4,16,8],"texture":"#cocoa"}}},{"from":[8,12,12],"to":[8,16,16],"faces":{"east":{"uv":[16,0,12,4],"texture":"#cocoa"},"west":{"uv":[12,0,16,4],"texture":"#cocoa"}}}]}