{"ambientocclusion":false,"textures":{"particle":"block/cocoa_stage2","cocoa":"block/cocoa_stage2"},"elements":[{"from":[2,0,2],"to":[14,12,14],"faces":{"north":{"uv":[4,4,16,16],"texture":"#cocoa"},"east":{"uv":[4,4,16,16],"texture":"#cocoa"},"south":{"uv":[4,4,16,16],"texture":"#cocoa"},"west":{"uv":[4,4,16,16],"texture":"#cocoa"},"up":{"uv":[4,4,16,16],"texture":"#cocoa"},"down":{"uv":[4,4,16,16],"texture":"#cocoa"}}},{"from":[8,12,12],"to":[8,16,16],"faces":{"east":{"uv":[16,0,12,4],"texture":"#cocoa"},"west":{"uv":[12,0,16,4],"texture":"#cocoa"}}}]}