{"parent":"block/block","textures":{"top":"block/composter_top","bottom":"block/composter_bottom","particle":"block/composter_side","side":"block/composter_side"},"elements":[{"from":[0,0,0],"to":[16,4,16],"faces":{"up":{"uv":[0,0,16,16],"texture":"#bottom","cullface":"up"},"down":{"uv":[0,0,16,16],"texture":"#bottom","cullface":"down"}}},{"from":[0,0,0],"to":[4,16,16],"faces":{"north":{"uv":[12,0,16,16],"texture":"#side","cullface":"north"},"east":{"uv":[0,0,16,16],"texture":"#side","cullface":"up"},"south":{"uv":[0,0,4,16],"texture":"#side","cullface":"south"},"west":{"uv":[0,0,16,16],"texture":"#side","cullface":"west"},"up":{"uv":[0,0,4,16],"texture":"#top","cullface":"up"}}},{"from":[12,0,0],"to":[16,16,16],"faces":{"north":{"uv":[0,0,4,16],"texture":"#side","cullface":"north"},"east":{"uv":[0,0,16,16],"texture":"#side","cullface":"east"},"south":{"uv":[12,0,16,16],"texture":"#side","cullface":"south"},"west":{"uv":[0,0,16,16],"texture":"#side","cullface":"up"},"up":{"uv":[12,0,16,16],"texture":"#top","cullface":"up"}}},{"from":[4,0,0],"to":[12,16,4],"faces":{"north":{"uv":[4,0,12,16],"texture":"#side","cullface":"north"},"south":{"uv":[4,0,12,16],"texture":"#side","cullface":"up"},"up":{"uv":[4,0,12,4],"texture":"#top","cullface":"up"}}},{"from":[4,0,12],"to":[12,16,16],"faces":{"north":{"uv":[4,0,12,16],"texture":"#side","cullface":"up"},"south":{"uv":[4,0,12,16],"texture":"#side","cullface":"south"},"up":{"uv":[4,12,12,16],"texture":"#top","cullface":"up"}}}]}