{"parent":"block/block","textures":{"pivot":"block/grindstone_pivot","round":"block/grindstone_round","particle":"block/grindstone_side","side":"block/grindstone_side","leg":"block/dark_oak_log"},"elements":[{"from":[12,0,6],"to":[14,6,10],"faces":{"north":{"uv":[12,12,16,16],"texture":"#leg"},"east":{"uv":[12,12,16,16],"texture":"#leg"},"south":{"uv":[12,12,16,16],"texture":"#leg"},"west":{"uv":[12,12,16,16],"texture":"#leg"},"down":{"uv":[12,12,16,16],"texture":"#leg"}}},{"from":[2,0,6],"to":[4,6,10],"faces":{"north":{"uv":[12,12,16,16],"texture":"#leg"},"east":{"uv":[12,12,16,16],"texture":"#leg"},"south":{"uv":[12,12,16,16],"texture":"#leg"},"west":{"uv":[12,12,16,16],"texture":"#leg"},"down":{"uv":[12,12,16,16],"texture":"#leg"}}},{"from":[2,6,4],"to":[14,14,12],"rotation":{"angle":0,"axis":"y","origin":[8,7,8]},"faces":{"north":{"uv":[8,0,12,8],"texture":"#pivot"},"east":{"uv":[0,0,8,8],"texture":"#pivot"},"south":{"uv":[8,0,12,8],"texture":"#pivot"},"west":{"uv":[0,0,8,8],"texture":"#pivot"},"up":{"uv":[8,0,12,8],"texture":"#pivot"},"down":{"uv":[8,0,10,6],"texture":"#pivot"}}},{"from":[4,4,2],"to":[12,16,14],"faces":{"north":{"uv":[0,0,8,12],"texture":"#round"},"east":{"uv":[0,0,12,12],"texture":"#side"},"south":{"uv":[0,0,8,12],"texture":"#round"},"west":{"uv":[0,0,12,12],"texture":"#side"},"up":{"uv":[0,0,8,12],"texture":"#round","cullface":"up"},"down":{"uv":[0,0,8,12],"texture":"#round"}}}]}