{"parent":"block/block","ambientocclusion":false,"textures":{"particle":"block/lightning_rod","texture":"block/lightning_rod"},"elements":[{"from":[4,8,4],"to":[12,16,12],"faces":{"north":{"uv":[0,0,8,8],"texture":"#texture"},"east":{"uv":[0,0,8,8],"texture":"#texture"},"south":{"uv":[0,0,8,8],"texture":"#texture"},"west":{"uv":[0,0,8,8],"texture":"#texture"},"up":{"uv":[0,0,8,8],"texture":"#texture"},"down":{"uv":[0,0,8,8],"texture":"#texture"}}},{"from":[6,0,6],"to":[10,8,10],"faces":{"north":{"uv":[0,8,4,16],"texture":"#texture"},"east":{"uv":[0,8,4,16],"texture":"#texture"},"south":{"uv":[0,8,4,16],"texture":"#texture"},"west":{"uv":[0,8,4,16],"texture":"#texture"},"down":{"uv":[4,12,8,16],"texture":"#texture"}}}],"display":{"thirdperson_righthand":{"translation":[0,2,0.5],"scale":[0.4,0.4,0.4]},"head":{"rotation":[-180,0,0],"translation":[8.5,4,0]}}}