{"ambientocclusion":false,"textures":{"3":"block/dirt","particle":"block/flower_pot","flowerpot":"block/flower_pot","cactus_top":"block/cactus_top","cactus":"block/cactus_side"},"elements":[{"from":[6,5,6],"to":[10,17,10],"faces":{"north":{"uv":[0,0,4,12],"texture":"#cactus"},"east":{"uv":[0,4,4,16],"texture":"#cactus"},"south":{"uv":[8,0,12,12],"texture":"#cactus"},"west":{"uv":[4,0,8,12],"texture":"#cactus"},"up":{"uv":[4,4,8,8],"texture":"#cactus_top","cullface":"up"}}},{"from":[4,4,4],"to":[12,4,12],"faces":{"up":{"uv":[4,4,12,12],"texture":"#3"}}},{"from":[4,0,4],"to":[12,8,12],"rotation":{"angle":0,"axis":"y","origin":[15,8,14]},"faces":{"north":{"uv":[4,8,12,16],"texture":"#flowerpot"},"east":{"uv":[4,8,12,16],"texture":"#flowerpot"},"south":{"uv":[4,8,12,16],"texture":"#flowerpot"},"west":{"uv":[4,8,12,16],"texture":"#flowerpot"},"down":{"uv":[4,8,12,16],"texture":"#flowerpot"}}},{"from":[12,8,12],"to":[4,0,4],"rotation":{"angle":0,"axis":"y","origin":[23,16,22]},"faces":{"north":{"uv":[4,8,12,16],"texture":"#flowerpot"},"east":{"uv":[4,8,12,16],"texture":"#flowerpot"},"south":{"uv":[4,8,12,16],"texture":"#flowerpot"},"west":{"uv":[4,8,12,16],"texture":"#flowerpot"}}}]}