{"ambientocclusion":false,"textures":{"slab":"block/smooth_stone","particle":"block/repeater","top":"block/repeater","lock":"block/bedrock","unlit":"block/redstone_torch_off"},"elements":[{"from":[0,0,0],"to":[16,4,16],"faces":{"north":{"uv":[0,12,16,16],"texture":"#slab","cullface":"north"},"east":{"uv":[0,12,16,16],"texture":"#slab","cullface":"east"},"south":{"uv":[0,12,16,16],"texture":"#slab","cullface":"south"},"west":{"uv":[0,12,16,16],"texture":"#slab","cullface":"west"},"up":{"uv":[0,0,16,16],"texture":"#top"},"down":{"uv":[0,0,16,16],"texture":"#slab","cullface":"down"}}},{"from":[0,4,8],"to":[16,8,12],"rotation":{"angle":0,"axis":"y","origin":[8,10,10]},"faces":{"north":{"uv":[4,0,8,16],"rotation":270,"texture":"#lock"},"east":{"uv":[4,0,8,4],"texture":"#lock"},"south":{"uv":[4,0,8,16],"rotation":90,"texture":"#lock"},"west":{"uv":[4,12,8,16],"texture":"#lock"},"up":{"uv":[4,0,8,16],"rotation":90,"texture":"#lock"}}},{"from":[6,4,0],"to":[10,12,4],"rotation":{"angle":0,"axis":"y","origin":[8,10,8]},"faces":{"north":{"uv":[4,4,8,12],"texture":"#unlit"},"east":{"uv":[4,4,8,12],"texture":"#unlit"},"south":{"uv":[4,4,8,12],"texture":"#unlit"},"west":{"uv":[4,4,8,12],"texture":"#unlit"},"up":{"uv":[4,4,8,8],"texture":"#unlit"}}}]}