{"ambientocclusion":false,"textures":{"slab":"block/smooth_stone","particle":"block/repeater_on","top":"block/repeater_on","lit":"block/redstone_torch"},"elements":[{"from":[0,0,0],"to":[16,4,16],"faces":{"north":{"uv":[0,12,16,16],"texture":"#slab","cullface":"north"},"east":{"uv":[0,12,16,16],"texture":"#slab","cullface":"east"},"south":{"uv":[0,12,16,16],"texture":"#slab","cullface":"south"},"west":{"uv":[0,12,16,16],"texture":"#slab","cullface":"west"},"up":{"uv":[0,0,16,16],"texture":"#top"},"down":{"uv":[0,0,16,16],"texture":"#slab","cullface":"down"}}},{"from":[6,12,0],"to":[10,12,4],"rotation":{"angle":0,"axis":"y","origin":[8,13,8]},"faces":{"up":{"uv":[4,4,8,8],"texture":"#lit"}}},{"from":[6,4,-4],"to":[10,16,8],"rotation":{"angle":0,"axis":"y","origin":[8,10,2]},"faces":{"east":{"uv":[0,0,12,12],"texture":"#lit"},"west":{"uv":[0,0,12,12],"texture":"#lit"}}},{"from":[2,4,0],"to":[14,16,4],"rotation":{"angle":0,"axis":"y","origin":[8,10,2]},"faces":{"north":{"uv":[0,0,12,12],"texture":"#lit"},"south":{"uv":[0,0,12,12],"texture":"#lit"}}},{"from":[6.001,12,10],"to":[10.001,12,14],"rotation":{"angle":0,"axis":"y","origin":[8,13,18]},"faces":{"up":{"uv":[4,4,8,8],"texture":"#lit"}}},{"from":[6.001,4,6],"to":[10.001,16,18],"rotation":{"angle":0,"axis":"y","origin":[8,10,12]},"faces":{"east":{"uv":[0,0,12,12],"texture":"#lit"},"west":{"uv":[0,0,12,12],"texture":"#lit"}}},{"from":[2.001,4,10],"to":[14.001,16,14],"rotation":{"angle":0,"axis":"y","origin":[8,10,12]},"faces":{"north":{"uv":[0,0,12,12],"texture":"#lit"},"south":{"uv":[0,0,12,12],"texture":"#lit"}}}]}