{"parent":"block/block","textures":{"particle":"block/scaffolding_top","top":"block/scaffolding_top","side":"block/scaffolding_side","bottom":"block/scaffolding_bottom"},"elements":[{"from":[0,15.99,0],"to":[16,16,16],"faces":{"up":{"uv":[0,0,16,16],"texture":"#top","cullface":"up"},"down":{"uv":[0,16,16,0],"texture":"#top"}}},{"from":[0,0,0],"to":[4,16,4],"faces":{"north":{"uv":[12,0,16,16],"texture":"#side","cullface":"north"},"east":{"uv":[12,0,16,16],"texture":"#side"},"south":{"uv":[0,0,4,16],"texture":"#side"},"west":{"uv":[0,0,4,16],"texture":"#side","cullface":"west"},"down":{"uv":[0,12,4,16],"texture":"#bottom","cullface":"down"}}},{"from":[0,0,12],"to":[4,16,16],"faces":{"north":{"uv":[12,0,16,16],"texture":"#side"},"east":{"uv":[0,0,4,16],"texture":"#side"},"south":{"uv":[0,0,4,16],"texture":"#side","cullface":"south"},"west":{"uv":[12,0,16,16],"texture":"#side","cullface":"west"},"down":{"uv":[0,0,4,4],"texture":"#bottom","cullface":"down"}}},{"from":[12,0,12],"to":[16,16,16],"faces":{"north":{"uv":[0,0,4,16],"texture":"#side"},"east":{"uv":[0,0,4,16],"texture":"#side","cullface":"east"},"south":{"uv":[12,0,16,16],"texture":"#side","cullface":"south"},"west":{"uv":[12,0,16,16],"texture":"#side"},"down":{"uv":[12,0,16,4],"texture":"#bottom","cullface":"down"}}},{"from":[12,0,0],"to":[16,16,4],"faces":{"north":{"uv":[0,0,4,16],"texture":"#side","cullface":"north"},"east":{"uv":[12,0,16,16],"texture":"#side","cullface":"east"},"south":{"uv":[12,0,16,16],"texture":"#side"},"west":{"uv":[0,0,4,16],"texture":"#side"},"down":{"uv":[12,12,16,16],"texture":"#bottom","cullface":"down"}}},{"from":[4,12,0],"to":[12,16,4],"faces":{"north":{"uv":[4,0,12,4],"texture":"#side","cullface":"north"},"south":{"uv":[4,0,12,4],"texture":"#side"},"down":{"uv":[4,12,12,16],"texture":"#bottom"}}},{"from":[4,12,12],"to":[12,16,16],"faces":{"north":{"uv":[4,0,12,4],"texture":"#side"},"south":{"uv":[4,0,12,4],"texture":"#side","cullface":"south"},"down":{"uv":[4,0,12,4],"texture":"#bottom"}}},{"from":[12,11,4],"to":[16,16,12],"faces":{"east":{"uv":[4,0,12,5],"texture":"#side","cullface":"east"},"west":{"uv":[4,0,12,5],"texture":"#side"},"down":{"uv":[12,4,16,12],"texture":"#bottom"}}},{"from":[0,12,4],"to":[4,16,12],"faces":{"east":{"uv":[4,0,12,4],"texture":"#side"},"west":{"uv":[4,0,12,4],"texture":"#side","cullface":"west"},"down":{"uv":[0,4,4,12],"texture":"#bottom"}}}]}