{"parent":"block/block","textures":{"particle":"block/sea_pickle","all":"block/sea_pickle"},"elements":[{"from":[6,0,6],"to":[10,8,10],"faces":{"north":{"uv":[4,4,8,12],"texture":"#all"},"east":{"uv":[12,4,16,12],"texture":"#all"},"south":{"uv":[0,4,4,12],"texture":"#all"},"west":{"uv":[8,4,12,12],"texture":"#all"},"up":{"uv":[4,0,8,4],"texture":"#all"},"down":{"uv":[8,0,12,4],"texture":"#all","cullface":"down"}}},{"from":[6,8,8],"to":[10,12,8],"shade":false,"rotation":{"angle":45,"axis":"y","origin":[8,10,8]},"faces":{"north":{"uv":[12,0,16,4],"texture":"#all"},"south":{"uv":[12,0,16,4],"texture":"#all"}}},{"from":[8,8,6],"to":[8,12,10],"shade":false,"rotation":{"angle":45,"axis":"y","origin":[8,10,8]},"faces":{"east":{"uv":[0,0,4,4],"texture":"#all"},"west":{"uv":[0,0,4,4],"texture":"#all"}}}]}