{"parent":"block/block","textures":{"particle":"block/small_dripleaf_top","top":"block/small_dripleaf_top","stem":"block/small_dripleaf_stem_top"},"elements":[{"from":[8,0,8],"to":[16,4,16],"shade":false,"rotation":{"angle":0,"axis":"y","origin":[8,0,8]},"faces":{"north":{"uv":[0,8,8,12],"texture":"#top"},"east":{"uv":[0,8,8,12],"texture":"#top"},"south":{"uv":[0,8,8,12],"texture":"#top"},"west":{"uv":[0,8,8,12],"texture":"#top"},"up":{"uv":[8,8,0,0],"texture":"#top"}}},{"from":[16,4,16],"to":[8,0,8],"shade":false,"rotation":{"angle":0,"axis":"y","origin":[8,0,8]},"faces":{"north":{"uv":[0,8,8,12],"texture":"#top"},"east":{"uv":[0,8,8,12],"texture":"#top"},"south":{"uv":[0,8,8,12],"texture":"#top"},"west":{"uv":[0,8,8,12],"texture":"#top"},"down":{"uv":[8,8,0,0],"rotation":90,"texture":"#top"}}},{"from":[8,8,8],"to":[0,4,0],"shade":false,"rotation":{"angle":0,"axis":"y","origin":[8,0,8]},"faces":{"north":{"uv":[0,8,8,12],"texture":"#top"},"east":{"uv":[0,8,8,12],"texture":"#top"},"south":{"uv":[0,8,8,12],"texture":"#top"},"west":{"uv":[0,8,8,12],"texture":"#top"},"down":{"uv":[8,8,0,0],"rotation":270,"texture":"#top"}}},{"from":[0,4,0],"to":[8,8,8],"shade":false,"rotation":{"angle":0,"axis":"y","origin":[8,0,8]},"faces":{"north":{"uv":[0,8,8,12],"texture":"#top"},"east":{"uv":[0,8,8,12],"texture":"#top"},"south":{"uv":[0,8,8,12],"texture":"#top"},"west":{"uv":[0,8,8,12],"texture":"#top"},"up":{"uv":[8,8,0,0],"rotation":180,"texture":"#top"}}},{"from":[8,12,16],"to":[0,8,8],"shade":false,"rotation":{"angle":0,"axis":"y","origin":[8,0,8]},"faces":{"north":{"uv":[0,8,8,12],"texture":"#top"},"east":{"uv":[0,8,8,12],"texture":"#top"},"south":{"uv":[0,8,8,12],"texture":"#top"},"west":{"uv":[0,8,8,12],"texture":"#top"},"down":{"uv":[8,8,0,0],"texture":"#top"}}},{"from":[0,8,8],"to":[8,12,16],"shade":false,"rotation":{"angle":0,"axis":"y","origin":[8,0,8]},"faces":{"north":{"uv":[0,8,8,12],"texture":"#top"},"east":{"uv":[0,8,8,12],"texture":"#top"},"south":{"uv":[0,8,8,12],"texture":"#top"},"west":{"uv":[0,8,8,12],"texture":"#top"},"up":{"uv":[8,8,0,0],"rotation":90,"texture":"#top"}}},{"from":[4,0,8],"to":[12,16,8],"shade":false,"rotation":{"angle":45,"axis":"y","origin":[8,8,8]},"faces":{"north":{"uv":[0,0,8,16],"texture":"#stem"},"south":{"uv":[0,0,8,16],"texture":"#stem"}}},{"from":[4,0,8],"to":[12,16,8],"shade":false,"rotation":{"angle":-45,"axis":"y","origin":[8,8,8]},"faces":{"north":{"uv":[0,0,8,16],"texture":"#stem"},"south":{"uv":[0,0,8,16],"texture":"#stem"}}}]}