{"ambientocclusion":false,"textures":{"particle":"#torch"},"elements":[{"from":[6,0,6],"to":[10,12,10],"shade":false,"faces":{"up":{"uv":[4,4,8,8],"texture":"#torch"},"down":{"uv":[4,12,8,16],"texture":"#torch"}}},{"from":[6,0,2],"to":[10,16,14],"shade":false,"faces":{"east":{"uv":[0,0,12,16],"texture":"#torch"},"west":{"uv":[0,0,12,16],"texture":"#torch"}}},{"from":[2,0,6],"to":[14,16,10],"shade":false,"faces":{"north":{"uv":[0,0,12,16],"texture":"#torch"},"south":{"uv":[0,0,12,16],"texture":"#torch"}}}]}