{"ambientocclusion":false,"textures":{"particle":"#torch"},"elements":[{"from":[-2,3.5,6],"to":[2,15.5,10],"shade":false,"rotation":{"angle":-22.5,"axis":"z","origin":[0,3.5,8]},"faces":{"up":{"uv":[4,4,8,8],"texture":"#torch"},"down":{"uv":[4,12,8,16],"texture":"#torch"}}},{"from":[-2,3.5,2],"to":[2,19.5,14],"shade":false,"rotation":{"angle":-22.5,"axis":"z","origin":[0,3.5,8]},"faces":{"east":{"uv":[0,0,12,16],"texture":"#torch"},"west":{"uv":[0,0,12,16],"texture":"#torch"}}},{"from":[-6,3.5,6],"to":[6,19.5,10],"shade":false,"rotation":{"angle":-22.5,"axis":"z","origin":[0,3.5,8]},"faces":{"north":{"uv":[0,0,12,16],"texture":"#torch"},"south":{"uv":[0,0,12,16],"texture":"#torch"}}}]}