{"parent":"block/block","elements":[{"from":[6,0,8],"to":[10,4,12],"rotation":{"angle":0,"axis":"y","origin":[2,0,-1]},"faces":{"north":{"uv":[0,8,4,12],"texture":"#all"},"east":{"uv":[0,8,4,12],"texture":"#all"},"south":{"uv":[0,8,4,12],"texture":"#all"},"west":{"uv":[0,8,4,12],"texture":"#all"},"up":{"uv":[0,4,4,8],"texture":"#all"},"down":{"uv":[0,12,4,16],"texture":"#all","cullface":"down"}}},{"from":[10,0,4],"to":[14,8,8],"rotation":{"angle":0,"axis":"y","origin":[2,0,-1]},"faces":{"north":{"uv":[0,8,4,16],"texture":"#all"},"east":{"uv":[0,8,4,16],"texture":"#all"},"south":{"uv":[0,8,4,16],"texture":"#all"},"west":{"uv":[0,8,4,16],"texture":"#all"},"up":{"uv":[0,4,4,8],"texture":"#all"},"down":{"uv":[0,12,4,16],"texture":"#all","cullface":"down"}}},{"from":[10,8,6],"to":[14,12,6],"rotation":{"angle":-45,"axis":"y","origin":[12,8,6]},"faces":{"north":{"uv":[0,0,4,4],"texture":"#all"},"south":{"uv":[0,0,4,4],"texture":"#all"}}},{"from":[10,8,6],"to":[14,12,6],"rotation":{"angle":45,"axis":"y","origin":[12,8,6]},"faces":{"north":{"uv":[0,0,4,4],"texture":"#all"},"south":{"uv":[0,0,4,4],"texture":"#all"}}},{"from":[2,0,4],"to":[6,8,8],"rotation":{"angle":0,"axis":"y","origin":[-6,0,-1]},"faces":{"north":{"uv":[0,8,4,16],"texture":"#all"},"east":{"uv":[0,8,4,16],"texture":"#all"},"south":{"uv":[0,8,4,16],"texture":"#all"},"west":{"uv":[0,8,4,16],"texture":"#all"},"up":{"uv":[0,4,4,8],"texture":"#all"},"down":{"uv":[0,12,4,16],"texture":"#all","cullface":"down"}}},{"from":[2,8,6],"to":[6,12,6],"rotation":{"angle":-45,"axis":"y","origin":[4,8,6]},"faces":{"north":{"uv":[0,0,4,4],"texture":"#all"},"south":{"uv":[0,0,4,4],"texture":"#all"}}},{"from":[2,8,6],"to":[6,12,6],"rotation":{"angle":45,"axis":"y","origin":[4,8,6]},"faces":{"north":{"uv":[0,0,4,4],"texture":"#all"},"south":{"uv":[0,0,4,4],"texture":"#all"}}},{"from":[6,4,10],"to":[10,8,10],"rotation":{"angle":45,"axis":"y","origin":[8,4,10]},"faces":{"north":{"uv":[0,0,4,4],"texture":"#all"},"south":{"uv":[0,0,4,4],"texture":"#all"}}},{"from":[6,4,10],"to":[10,8,10],"rotation":{"angle":-45,"axis":"y","origin":[8,4,10]},"faces":{"north":{"uv":[0,0,4,4],"texture":"#all"},"south":{"uv":[0,0,4,4],"texture":"#all"}}}]}