{"parent":"block/block","textures":{"all":"block/turtle_egg","particle":"#all"},"elements":[{"from":[5,0,4],"to":[9,8,8],"faces":{"north":{"uv":[0,4,4,12],"texture":"#all"},"east":{"uv":[0,0,4,8],"texture":"#all"},"south":{"uv":[0,4,4,12],"texture":"#all"},"west":{"uv":[0,0,4,8],"texture":"#all"},"up":{"uv":[0,0,4,4],"texture":"#all"},"down":{"uv":[0,0,4,4],"texture":"#all","cullface":"down"}}},{"from":[1,0,7],"to":[5,4,11],"rotation":{"angle":0,"axis":"y","origin":[3,8,6]},"faces":{"north":{"uv":[0,12,4,16],"texture":"#all"},"east":{"uv":[4,12,8,16],"texture":"#all"},"south":{"uv":[0,0,4,4],"texture":"#all"},"west":{"uv":[4,12,8,16],"texture":"#all"},"up":{"uv":[0,12,4,16],"texture":"#all"},"down":{"uv":[0,12,4,16],"texture":"#all"}}},{"from":[11,0,6],"to":[15,4,10],"rotation":{"angle":0,"axis":"y","origin":[13,8,5]},"faces":{"north":{"uv":[4,12,8,16],"texture":"#all"},"east":{"uv":[0,8,4,12],"texture":"#all"},"south":{"uv":[4,12,8,16],"texture":"#all"},"west":{"uv":[0,0,4,4],"texture":"#all"},"up":{"uv":[0,12,4,16],"texture":"#all"},"down":{"uv":[0,12,4,16],"texture":"#all"}}}]}