{"parent":"block/block","textures":{"particle":"#lantern"},"elements":[{"from":[4,0,4],"to":[12,12,12],"faces":{"north":{"uv":[0,0,8,12],"texture":"#lantern"},"east":{"uv":[0,0,8,12],"texture":"#lantern"},"south":{"uv":[0,0,8,12],"texture":"#lantern"},"west":{"uv":[0,0,8,12],"texture":"#lantern"},"up":{"uv":[8,0,16,8],"texture":"#lantern"},"down":{"uv":[8,0,16,8],"texture":"#lantern"}}},{"from":[8,12,6],"to":[8,16,10],"shade":false,"rotation":{"angle":45,"axis":"y","origin":[8,11,8]},"faces":{"east":{"uv":[8,8,12,12],"texture":"#lantern"},"west":{"uv":[8,8,12,12],"texture":"#lantern"}}}]}