{"parent":"block/block","ambientocclusion":false,"textures":{"particle":"block/azalea_plant","plant":"block/azalea_plant"},"elements":[{"from":[0,4,0],"to":[16,16,16],"faces":{"north":{"uv":[0,0,16,12],"texture":"#side"},"east":{"uv":[0,0,16,12],"texture":"#side"},"south":{"uv":[0,0,16,12],"texture":"#side"},"west":{"uv":[0,0,16,12],"texture":"#side"},"up":{"uv":[0,0,16,16],"texture":"#top","cullface":"up"}}},{"from":[16,16,16],"to":[0,4,0],"faces":{"north":{"uv":[0,0,16,12],"rotation":180,"texture":"#side"},"east":{"uv":[0,0,16,12],"rotation":180,"texture":"#side"},"south":{"uv":[0,0,16,12],"rotation":180,"texture":"#side"},"west":{"uv":[0,0,16,12],"rotation":180,"texture":"#side"},"down":{"uv":[0,0,16,16],"texture":"#top","cullface":"up"}}},{"from":[0.1,0,8],"to":[15.9,15.9,8],"rotation":{"angle":45,"axis":"y","origin":[8,8,8],"rescale":true},"faces":{"north":{"uv":[0,0,16,16],"texture":"#plant"},"south":{"uv":[0,0,16,16],"texture":"#plant"}}},{"from":[8,0,0.1],"to":[8,15.9,15.9],"rotation":{"angle":45,"axis":"y","origin":[8,8,8],"rescale":true},"faces":{"east":{"uv":[0,0,16,16],"texture":"#plant"},"west":{"uv":[0,0,16,16],"texture":"#plant"}}}]}