{"parent":"block/block","elements":[{"from":[6,0,6],"to":[10,8,10],"faces":{"north":{"uv":[0,8,4,16],"texture":"#all"},"east":{"uv":[0,8,4,16],"texture":"#all"},"south":{"uv":[0,8,4,16],"texture":"#all"},"west":{"uv":[0,8,4,16],"texture":"#all"},"up":{"uv":[0,4,4,8],"texture":"#all"},"down":{"uv":[0,12,4,16],"texture":"#all","cullface":"down"}}},{"from":[6,8,8],"to":[10,12,8],"rotation":{"angle":-45,"axis":"y","origin":[8,8,8]},"faces":{"north":{"uv":[0,0,4,4],"texture":"#all"},"south":{"uv":[0,0,4,4],"texture":"#all"}}},{"from":[8,8,6],"to":[8,12,10],"rotation":{"angle":-45,"axis":"y","origin":[8,8,8]},"faces":{"east":{"uv":[0,0,4,4],"texture":"#all"},"west":{"uv":[0,0,4,4],"texture":"#all"}}}]}