{"parent":"block/block","elements":[{"from":[10,0,10],"to":[14,4,14],"rotation":{"angle":0,"axis":"y","origin":[6,0,1]},"faces":{"north":{"uv":[0,8,4,12],"texture":"#all"},"east":{"uv":[0,8,4,12],"texture":"#all"},"south":{"uv":[0,8,4,12],"texture":"#all"},"west":{"uv":[0,8,4,12],"texture":"#all"},"up":{"uv":[0,4,4,8],"texture":"#all"},"down":{"uv":[0,12,4,16],"texture":"#all","cullface":"down"}}},{"from":[10,0,2],"to":[14,8,6],"rotation":{"angle":0,"axis":"y","origin":[2,0,-3]},"faces":{"north":{"uv":[0,8,4,16],"texture":"#all"},"east":{"uv":[0,8,4,16],"texture":"#all"},"south":{"uv":[0,8,4,16],"texture":"#all"},"west":{"uv":[0,8,4,16],"texture":"#all"},"up":{"uv":[0,4,4,8],"texture":"#all"},"down":{"uv":[0,12,4,16],"texture":"#all","cullface":"down"}}},{"from":[10,8,4],"to":[14,12,4],"rotation":{"angle":-45,"axis":"y","origin":[12,8,4]},"faces":{"north":{"uv":[0,0,4,4],"texture":"#all"},"south":{"uv":[0,0,4,4],"texture":"#all"}}},{"from":[10,8,4],"to":[14,12,4],"rotation":{"angle":45,"axis":"y","origin":[12,8,4]},"faces":{"north":{"uv":[0,0,4,4],"texture":"#all"},"south":{"uv":[0,0,4,4],"texture":"#all"}}},{"from":[2,0,10],"to":[6,8,14],"rotation":{"angle":0,"axis":"y","origin":[-6,0,5]},"faces":{"north":{"uv":[0,8,4,16],"texture":"#all"},"east":{"uv":[0,8,4,16],"texture":"#all"},"south":{"uv":[0,8,4,16],"texture":"#all"},"west":{"uv":[0,8,4,16],"texture":"#all"},"up":{"uv":[0,4,4,8],"texture":"#all"},"down":{"uv":[0,12,4,16],"texture":"#all","cullface":"down"}}},{"from":[2,8,12],"to":[6,12,12],"rotation":{"angle":-45,"axis":"y","origin":[4,8,12]},"faces":{"north":{"uv":[0,0,4,4],"texture":"#all"},"south":{"uv":[0,0,4,4],"texture":"#all"}}},{"from":[2,8,12],"to":[6,12,12],"rotation":{"angle":45,"axis":"y","origin":[4,8,12]},"faces":{"north":{"uv":[0,0,4,4],"texture":"#all"},"south":{"uv":[0,0,4,4],"texture":"#all"}}},{"from":[10,4,12],"to":[14,8,12],"rotation":{"angle":45,"axis":"y","origin":[12,4,12]},"faces":{"north":{"uv":[0,0,4,4],"texture":"#all"},"south":{"uv":[0,0,4,4],"texture":"#all"}}},{"from":[10,4,12],"to":[14,8,12],"rotation":{"angle":-45,"axis":"y","origin":[12,4,12]},"faces":{"north":{"uv":[0,0,4,4],"texture":"#all"},"south":{"uv":[0,0,4,4],"texture":"#all"}}},{"from":[2,0,2],"to":[6,4,6],"rotation":{"angle":0,"axis":"y","origin":[-2,0,-7]},"faces":{"north":{"uv":[0,8,4,12],"texture":"#all"},"east":{"uv":[0,8,4,12],"texture":"#all"},"south":{"uv":[0,8,4,12],"texture":"#all"},"west":{"uv":[0,8,4,12],"texture":"#all"},"up":{"uv":[0,4,4,8],"texture":"#all"},"down":{"uv":[0,12,4,16],"texture":"#all","cullface":"down"}}},{"from":[2,4,4],"to":[6,8,4],"rotation":{"angle":-45,"axis":"y","origin":[4,4,4]},"faces":{"north":{"uv":[0,0,4,4],"texture":"#all"},"south":{"uv":[0,0,4,4],"texture":"#all"}}},{"from":[2,4,4],"to":[6,8,4],"rotation":{"angle":45,"axis":"y","origin":[4,4,4]},"faces":{"north":{"uv":[0,0,4,4],"texture":"#all"},"south":{"uv":[0,0,4,4],"texture":"#all"}}}]}