{"variants":{"":[{"model":"minecraft:block/stone"},{"model":"minecraft:block/stone","x":90},{"model":"minecraft:block/stone","x":180},{"model":"minecraft:block/stone","x":270},{"model":"minecraft:block/stone","y":90},{"model":"minecraft:block/stone","y":90,"x":90},{"model":"minecraft:block/stone","y":90,"x":180},{"model":"minecraft:block/stone","y":90,"x":270},{"model":"minecraft:block/stone","y":180},{"model":"minecraft:block/stone","y":180,"x":90},{"model":"minecraft:block/stone","y":180,"x":180},{"model":"minecraft:block/stone","y":180,"x":270},{"model":"minecraft:block/stone","y":270},{"model":"minecraft:block/stone","y":270,"x":90},{"model":"minecraft:block/stone","y":270,"x":180},{"model":"minecraft:block/stone","y":270,"x":270}]}}